Region ;Oficina;Paises
Asia;China;China
Asia;China;Hong Kong
Asia;China;Emiratos Arabes Unidos
Asia;Corea (Sur) Rep de;Corea del sur
Asia;Corea (Sur) Rep de;mogolia
Asia;India;ArabiaSaudita
Asia;India;Bangladesh
Asia;India;Bután
Asia;India;Chad
Asia;India;Egipto
Asia;India;Eritrea
Asia;India;India
Asia;India;Iraq
Asia;India;Jordania
Asia;India;Libia
Asia;India;Maldivas
Asia;India;Nepal
Asia;India;Omán
Asia;India;Palestina
Asia;India;Siria
Asia;India;Sri Lanka
Asia;India;Sudán
Asia;India;Sudán del Sur
Asia;India;Yibuti e Israel
Asia;Indonesia;Brunéi
Asia;Indonesia;Camboya
Asia;Indonesia;Filipinas
Asia;Indonesia;Indonesia
Asia;Indonesia;Islas Marshall
Asia;Indonesia;Laos
Asia;Indonesia;Malasia
Asia;Indonesia;Micronesia
Asia;Indonesia;Myanmar
Asia;Indonesia;Papua Nueva Guinea
Asia;Indonesia;Tailandia
Asia;Indonesia;Timor Oriental
Asia;Indonesia;Vietnam
Asia;Japón;Bahréin
Asia;Japón;Japón
Asia;Japón;Kuwait
Asia;Japón;Qatar
Asia;Japón;Taiwán
Asia;Japón;Yemen
Asia;Singapur;Australia
Asia;Singapur;Fiyi
Asia;Singapur;Nueva Zelanda
Asia;Singapur;Singapur
Asia;Singapur;Taiwán
Europa;Alemania;Alemania
Europa;Alemania;Austria
Europa;Alemania;Bosnia
Europa;Alemania;Bulgaria
Europa;Alemania;Croacia
Europa;Alemania;Eslovaquia
Europa;Alemania;Eslovenia
Europa;Alemania;Estonia
Europa;Alemania;Finlandia
Europa;Alemania;Hungría
Europa;Alemania;Islandia
Europa;Alemania;Letonia
Europa;Alemania;Liechtenstein
Europa;Alemania;Lituania
Europa;Alemania;Moldavia
Europa;Alemania;Países Bajos
Europa;Alemania;Polonia
Europa;Alemania;República Checa
Europa;Alemania;República de Macedonia
Europa;Alemania;Rumania
Europa;Alemania;Suiza
Europa;España;Albania
Europa;España;Andorra
Europa;España;Chipre
Europa;España;España
Europa;España;Georgia
Europa;España;Grecia
Europa;España;Irán
Europa;España;Italia
Europa;España;Malta
Europa;España;Pakistán
Europa;España;Portugal
Europa;España;San Marino
Europa;Francia;Argelia
Europa;Francia;Bélgica
Europa;Francia;Francia
Europa;Francia;Luxemburgo
Europa;Francia;Malí
Europa;Francia;Mauritania
Europa;Francia;Mónaco
Europa;Reino Unido;Dinamarca
Europa;Reino Unido;Irlanda
Europa;Reino Unido;Noruega
Europa;Reino Unido;Reino Unido
Europa;Reino Unido;Suecia
Europa;Reino Unido;Turquía
Europa;Rusia;Azerbaiyán
Europa;Rusia;Bielorrusia
Europa;Rusia;Kazajistán
Europa;Rusia;Kirguistán
Europa;Rusia;Rusia
Europa;Rusia;Tayikistán
Europa;Rusia;Turkmenistán
Europa;Rusia;Ucrania
Europa;Rusia;Uzbekistán
Norteamérica;Canadá;Canadá
Norteamérica;Caribe;Anguila
Norteamérica;Caribe;Antigua Y Barbuda
Norteamérica;Caribe;Antillas Neerlandesas
Norteamérica;Caribe;Aruba
Norteamérica;Caribe;Bahamas
Norteamérica;Caribe;Barbados
Norteamérica;Caribe;Bermudas
Norteamérica;Caribe;Bonaire-San Eustaquio y Saba
Norteamérica;Caribe;Cuba
Norteamérica;Caribe;Curazao
Norteamérica;Caribe;Dominica
Norteamérica;Caribe;Granada
Norteamérica;Caribe;Guadalupe
Norteamérica;Caribe;Guayana Francesa
Norteamérica;Caribe;Guyana
Norteamérica;Caribe;Haití
Norteamérica;Caribe;Islas Caimán
Norteamérica;Caribe;Islas Turcas y Caicos
Norteamérica;Caribe;Islas Vírgenes Británicas
Norteamérica;Caribe;Islas Vírgenes Estadounidenses
Norteamérica;Caribe;Jamaica
Norteamérica;Caribe;Martinica
Norteamérica;Caribe;Montserrat
Norteamérica;Caribe;San Bartolomé
Norteamérica;Caribe;San Cristóbal Y Nieves
Norteamérica;Caribe;San Martín (Francesa)
Norteamérica;Caribe;San Vicente y las Granadinas
Norteamérica;Caribe;Santa Lucia
Norteamérica;Caribe;Surinam
Norteamérica;Caribe;Puerto Rico
Norteamérica;Caribe;Trinidad y Tobago
Norteamérica;Caribe;República Dominicana
Norteamérica;Estados Unidos;Estados Unidos
Norteamérica;Estados Unidos;Afganistan
Alianza Pacífico;Chile;Chile
Alianza Pacífico;Perú;Perú
Alianza Pacífico;Perú;Bolivia
Alianza Pacífico;México;México
Alianza Pacífico;Argentina;Argentina
Latinoamérica;Argentina;Paraguay
Latinoamérica;Argentina;Urugay
Latinoamérica;Brasil;Brasil
Latinoamérica;Brasil;Ángola
Latinoamérica;Costa Rica;Costa Rica
Latinoamérica;Costa Rica;Nicaragua
Latinoamérica;Costa Rica;Panamá
Latinoamérica; Ecuador;Venezuela
Latinoamérica; Ecuador;Ecuador
Latinoamérica; Guatemala;Bélice
Latinoamérica; Guatemala;El Salvador
Latinoamérica; Guatemala;Guatemala
Latinoamérica; Guatemala;Honduras
